tags,score
"<android><android-layout><android-activity><kotlin><android-view>","22"
"<java><android><jvm><okhttp>","11"
"<python><c++><opencv><computer-vision><imagemagick>","12"
"<c++><gcc><clang><private><encapsulation>","37"
"<javascript><html><css><pdf>","12"
"<java><java-10>","11"
"<java><android><react-native><react-native-android><onesignal>","13"
"<android><android-studio><apk><signed>","11"
"<java><arrays><local-variables><java-10>","25"
"<c++><arrays><char>","20"
"<sql><sql-server><tsql><sql-server-2016>","12"
"<android><android-emulator><emulation><nfc><open-nfc>","11"
"<python><matplotlib><pycharm>","24"
"<ios><swift><xcode><whatsapp><callkit>","18"
"<python><keras><conv-neural-network><tensorboard><resnet>","12"
"<c++>","11"
"<mysql><backup>","12"
"<scala>","40"
"<java><javafx><webview><javafx-webview>","30"
"<javascript><jquery><html><css>","16"
"<python><exception-handling><try-catch-finally><finally>","73"
"<python><python-3.x><printing><python-internals>","96"
"<java><spring-boot><jms><activemq>","12"
"<http><httpresponse>","38"
"<python><types><boolean>","29"
"<c><function-pointers>","13"
"<javascript><windows><html5><mediastream>","11"
"<python><celery>","11"
"<c++><c++11><standards><rvo><return-value-optimization>","12"
"<facebook><facebook-graph-api><facebook-opengraph><opengraph>","28"
"<python><string><memory>","13"
"<c++><c++17>","30"
"<python><tensorflow><deep-learning><keras>","12"
"<haskell><monads>","13"
"<c++><c++11><stdvector>","21"
"<c++><c++11><initialization><c++14><const>","32"
"<python><list><pandas><pandas-groupby>","13"
"<python><pandas><pandas-groupby>","16"
"<java><kotlin><var><java-10>","16"
"<javascript><browser><ads><prebid.js>","11"
"<c++><c++17>","11"
"<c++><visual-studio>","11"
"<c#><function><c#-7.0>","14"
"<algorithm>","12"
"<c++><templates><friend>","12"
"<haskell>","12"
"<c++><c++11><language-lawyer><user-defined-literals>","13"
"<r><ggplot2><line><mean><boxplot>","12"
"<php>","12"
"<javascript><html><angular><typescript><routing>","12"
"<linkedin><linkedin-api>","29"
"<excel><vba><excel-vba><printing>","13"
"<javascript><html><css><vue.js>","11"
"<javascript><html><incognito-mode><private-bower>","12"
"<deep-learning><caffe><conv-neural-network><imagenet><deep-dream>","23"
"<android><cordova><gradle>","70"
"<python-2.7><google-chrome><selenium><selenium-webdriver><webdriver>","79"
"<java><java-8>","24"
"<python>","11"
"<android><tabs><single-page-application><autoscroll>","11"
"<java><dependency-injection><jersey><dagger-2><jsr330>","13"
"<java><eclipse><maven><maven-2>","12"
"<c++><c><llvm><strict-aliasing>","25"
"<javascript><jquery><html><jquery-plugins><footable>","14"
"<javascript><jquery><html><css>","14"
"<java><string><kotlin>","11"
"<javascript><dom><mutation-observers>","14"
"<java><regex><verbose>","43"
"<sql><regex><oracle>","11"
"<ruby-on-rails><ruby><ransack>","11"
"<javascript><html>","11"
"<c#><performance><delegates><garbage-collection><closures>","40"
"<php><mysql><mariadb><cpanel><phalcon>","12"
"<c++><c++11><c++03>","14"
"<c++><c++17>","20"
"<algorithm><geometry><dynamic-programming><computational-geometry>","30"
"<c#><android><visual-studio><xamarin><xamarin.forms>","13"
"<python><pandas><dask>","16"
"<c#><azure><asp.net-identity><owin><azure-active-directory>","16"
"<r><data.table>","20"
"<c++><struct><volatile>","21"
"<java><exception-handling><nullpointerexception>","32"
"<c++><arrays><language-lawyer><pointer-arithmetic><ptrdiff-t>","31"
"<spring><postgresql><websocket><rx-java><spring-webflux>","12"
"<haskell><ghc>","19"
"<haskell><type-families><injective-function>","11"
"<java><javapackager>","11"
"<c#><.net><security><plugins><permissions>","11"
"<java><android><location>","19"
"<android><android-studio><gradle><android-gradle>","56"
"<java><multithreading><java-9><threadpoolexecutor><completable-future>","12"
"<android><android-studio><android-gradle><android-instrumentation>","12"
"<c++><c><extern>","11"
"<android><android-studio><rx-java2><lint><android-studio-3.1>","13"
"<intellij-idea><lombok><intellij-lombok-plugin>","38"
"<c++><integer><language-lawyer><literals>","18"
"<c#><.net>","15"
"<ios><xcode><git>","40"
"<python><list-comprehension><itertools><flatten>","11"
"<python><unicode>","33"
"<javascript><ecmascript-6><typeerror><ecmascript-5><primitive>","21"
"<javascript><web><webpack><webpack-4>","20"
"<python><orm><sqlalchemy><many-to-many>","11"
"<c#><xaml><xamarin><xamarin.forms><xamarin.android>","12"
"<c++><gcc><vector><compiler-optimization><compiler-bug>","43"
"<css><google-chrome><browser><google-chrome-devtools><repaint>","18"
"<java><java-10>","17"
"<c><windows><visual-studio-2015>","13"
"<javascript><node.js><npm>","14"
"<php><amazon-web-services><elasticsearch><laravel-5>","12"
"<r><ggplot2>","11"
"<html><django><django-forms>","11"
"<javascript><jquery><html><dom><properties>","19"
"<azure-active-directory><azure-ad-b2c>","14"
"<haskell><ghc>","12"
"<javascript><html><svg><svg-animate><anime.js>","13"
"<java><google-oauth2><google-api-java-client>","14"
"<java><android><android-edittext><spannablestring><spannable>","14"
"<ios><swift><exif>","16"
"<c++><c++11><const><variadic-functions>","15"
"<android><android-studio><google-play-services>","13"
"<coq><agda><idris><dependent-type><lean>","17"
"<android><android-studio><android-studio-3.1>","32"
"<android><android-studio><android-studio-3.1>","26"
"<c++><c++11><language-lawyer><chrono>","24"
"<arrays><swift><collections><count><associated-types>","13"
"<java><lambda><java-10>","45"
"<c>","27"
"<haskell><user-defined-types>","18"
"<c++><enums><bit-manipulation><enum-flags>","11"
"<java><list><collections><java-8>","13"
"<c#><algorithm><time-complexity>","19"
"<c++><lambda><language-lawyer><standards><final>","15"
"<ios><itunesconnect>","16"
"<javascript><html><css><css3><flexbox>","40"
"<python><c++>","14"
"<json><rust><serde>","15"
"<android><android-intent><kotlin><fragment>","12"
"<javascript><reactjs><redux>","11"
"<python><jupyter-notebook><jupyter><miniconda>","11"
"<python><python-3.x><operator-overloading>","14"
"<ios><react-native><webview>","14"
"<google-cloud-sql>","11"
"<android><kotlin><android-gradle><rendering><android-support-library>","15"
"<python><python-2.7><cpython><python-internals>","50"
"<android><angular><ionic-framework>","12"
"<webpack><webpack-4>","15"
"<c++><linker-errors><intel>","15"
"<php><sql-server><linux>","17"
"<php><curl>","18"
"<algorithm><data-structures><time-complexity>","12"
"<css><css3><google-chrome><firefox>","11"
"<java><hibernate><dao>","11"
"<java><java-stream>","12"
"<c++><lambda><language-lawyer><c++17>","15"
"<java><android><udp>","11"
"<c#><logging><encryption><public-key-encryption>","14"
"<converter><finance>","12"
"<c++><templates><syntax><standards><member-functions>","11"
"<android><cordova><geolocation><cordova-plugins>","14"
"<python><string><visual-studio-code>","21"
"<algorithm><time-complexity><big-o><asymptotic-complexity>","13"
"<android><kotlin>","14"
"<java><jquery><ajax><internet-explorer-11><waffle>","13"
"<java><type-inference><java-10>","15"
"<python><pandas><multiprocessing><threadpool><python-multiprocessing>","15"
"<node.js><mongodb><async-await>","11"
"<c#><f#>","12"
"<java><time><java-time><localtime>","15"
"<android><android-studio>","13"
"<sql><sql-server><tsql><date><join>","12"
"<android><android-studio><android-studio-3.1>","20"
"<javascript><jquery>","13"
"<r><plotly><surface><r-plotly>","17"
"<delphi><accessibility><delphi-xe6><uiaccessibility>","15"
"<python><string><algorithm><list>","12"
"<sql><node.js><postgresql><async-await>","17"
"<c#><arrays><string><list>","12"
"<c++><protected><access-specifier><member-pointers>","47"
"<c++><casting><language-lawyer><static-cast><const-cast>","14"
"<swift><xcode><codable><swift4.1><xcode9.3>","22"
"<java><generics><type-inference><contravariance><java-10>","12"
"<c++><c++11><operator-overloading><incomplete-type><addressof>","11"
"<python><list><loops><dictionary>","16"
"<c++><templates><pointers><const><pass-by-const-reference>","12"
"<android><design><android-canvas><android-drawable>","12"
"<postgresql><heroku><pg-restore>","94"
"<python><inheritance><properties><mutators>","27"
"<c++><c++17><string-conversion>","12"
"<python><logging><exception-handling><flow-control><try-finally>","38"
"<r><ggplot2><facet>","11"
"<html><css><mobile>","23"
"<c><string><pointers><memory>","18"
"<c++><const><language-lawyer><destructor>","13"
"<java><solid-principles><ocp>","12"
"<javascript><node.js><angular><ionic-framework><npm>","12"
"<python><function><python-3.6><ordereddictionary><kwargs>","11"
"<android><gradle><build>","12"
"<sql><sql-server>","12"
"<c++><operator-precedence>","20"
"<c++><language-lawyer><c++17><ternary-operator><implicit-conversion>","45"
"<javascript><stream><response><microsoft-edge>","12"
"<c++><c++17><c++20><spaceship-operator>","14"
"<android><google-play><stripe-payments><in-app-billing><billing>","13"
"<python><hyperlink><http-status-code-404><wget>","13"
"<c++><audio><video><ffmpeg><libavformat>","12"
"<java><string>","12"
"<azure><machine-learning><analytics><azure-machine-learning>","11"
"<perl><browser-automation>","18"
"<c++><initialization><c++14><atomic><list-initialization>","14"
"<android><google-play-services><ionic3>","19"
"<python><python-2.7><list>","12"
"<java><maven><java-10>","13"
"<c#><performance>","14"
"<java><type-inference><local-variables><java-10>","26"
"<java><maven><javadoc><maven-javadoc-plugin><java-10>","16"
"<css><css3><flexbox><centering>","17"
"<android><android-studio><android-gradle>","64"
"<python><dictionary><mapping>","17"
"<android><android-studio><android-studio-3.1>","12"
"<java><java-stream>","11"
"<instagram><instagram-api>","21"
"<instagram><instagram-api>","35"
"<c++><c++11><c++17><rvo><structured-bindings>","13"
"<python><pandas>","30"
"<c++><pointers><memory><undefined-behavior>","41"
"<c++><templates><c++17><template-deduction>","16"
"<c#><json><json.net>","27"
"<c++><gcc><language-lawyer>","12"
"<c++><c><gcc><visual-c++>","13"
"<javascript><async-await><web-worker>","13"
"<java><performance><garbage-collection><jvm><jvm-hotspot>","13"
"<java><java-stream><java-10>","11"
"<c++><templates><language-lawyer><c++17><template-deduction>","14"
"<javascript><html><css>","39"
"<scala><apache-spark><fastutil>","12"
"<html><css><reactjs><animation>","13"
"<java><enums>","14"
"<c#>","12"
"<php><mysql>","16"
"<c#><conditional-compilation>","68"
"<java><garbage-collection><jvm><heap-memory><jvm-hotspot>","13"
"<php><node.js><database><api><web-services>","13"
"<android><rx-java2><rx-android><rx-binding>","12"
"<java><android><android-studio>","11"
"<c++><const><c++17><structured-bindings>","15"
"<r><pandas><data.table>","14"
"<c++><gcc><language-lawyer><endianness><compiler-flags>","20"
"<c#><colors><kinect-sdk><depth><kinect-v2>","12"
"<android><android-edittext><android-nestedscrollview>","18"
"<jenkins><jenkins-plugins><bitbucket-server>","13"
"<python><python-3.x><numpy><itertools>","11"
"<javascript><jquery><ajax>","14"
"<c><linux-kernel><macros><language-lawyer>","30"
"<android><android-studio><intellij-idea><android-resources><android-studio-3.1>","15"
"<java><classloader><java-9><urlclassloader><java-10>","14"
"<java><arrays><exception><type-inference><java-10>","24"
"<java><java-8><default-method>","34"
"<javascript><arrays><algorithm><matrix>","11"
"<javascript><css><angular><animation><angular-animations>","16"
"<c#>","12"
"<python><pep>","11"
"<r><dplyr><nse>","15"